{
  "mama": "මම",
  "amila": "අමිල",
  "mata": "මට",
  "sinhala": "සිංහල",
  "liyanna": "ලියන්න",
  "puluwan": "පුළුවන්",
  "oya": "ඔයා",
  "kohomada": "කොහොමද",
  "sapa": "සනීප",
  "kiyanne": "කියන්නේ",
  "hari": "හරි",
  "lassana": "ලස්සන",
  "kamathi": "කැමති",
  "dawasa": "දවස",
  "rathriyak": "රාත්‍රියක්",
  "suba": "සුභ",
  "bohoma": "බොහොම",
  "sthuti": "ස්තුතියි",
  "karunakara": "කරුණාකර",
  "udaw": "උදව්",
  "karanna": "කරන්න",
  "samavenna": "සමාවෙන්න",
  "gihin": "ගිහින්",
  "enam": "එන්නම්",
  "issara": "ඉස්සර",
  "welawe": "වෙලාවේ",
  "dakinnata": "දකින්නට",
  "labena": "ලැබෙන",
  "ekata": "එකට",
  "wandana": "වන්දනා",
  "yanna": "යන්න",
  "oneda": "ඕනෙද",
  "denna": "දෙන්න",
  "beri": "බැරි",
  "namuth": "නමුත්",
  "aththa": "ඇත්ත",
  "adarei": "ආදරෙයි",
  "ehema": "එහෙම",
  "newei": "නෙවෙයි",
  "hemadama": "හැමදාම",
  "obata": "ඔබට",
  "jayen": "ජයෙන්",
  "jaya": "ජය",
  "wewa": "වේවා",
  "sri": "ශ්‍රී",
  "lanka": "ලංකා",
  "ape": "අපේ",
  "rata": "රට",
  "mage": "මගේ",
  "nama": "නම",
  "mokakda": "මොකක්ද",
  "api": "අපි",
  "thamai": "තමයි",
  "oyaata": "ඔයාට",
  "onna": "ඔන්න",
  "balanna": "බලන්න",
  "epa": "එපා",
  "kawda": "කව්ද",
  "oyage": "ඔයාගේ",
  "ada": "අද",
  "heeta": "හෙට",
  "udeta": "උදේට",
  "hawasata": "හවසට",
  "raata": "රෑට",
  "issaara": "ඉස්සර",
  "dekak": "දෙකක්",
  "thunak": "තුනක්",
  "andaagena": "අන්දාගෙන",
  "kiyala": "කියලා",
  "duppath": "දුප්පත්",
  "amaru": "අමාරු",
  "lesi": "ලෙසි",
  "danne": "දන්නේ",
  "mokada": "මොකද",
  "keruwe": "කෙරුවේ",
  "ei": "ඇයි",
  "koheda": "කොහෙද",
  "kawuda": "කවුද",
  "kiyada": "කියද",
  "ganan": "ගණන්",
  "gahala": "ගහලා",
  "nadda": "නැද්ද",
  "poddak": "පොඩ්ඩක්",
  "tawa": "තව",
  "tikak": "ටිකක්",
  "passe": "පස්සේ",
  "thamath": "තාමත්",
  "tikata": "ටිකට",
  "dakkada": "දැක්කද",
  "aththada": "ඇත්තද",
  "boru": "බොරු",
  "nidahas": "නිදහස්",
  "wela": "වෙලා",
  "yanne": "යන්නේ",
  "ayeth": "ආයෙත්",
  "wade": "වැඩේ",
  "thawa": "තව",
  "inawa": "ඉන්නවා",
  "giya": "ගියා",
  "enawa": "එනවා",
  "unath": "උනත්",
  "minissu": "මිනිස්සු",
  "ekkanam": "එක්කනම්",
  "seri": "සෙරි",
  "ubalata": "උඹලට",
  "ekka": "එක්ක",
  "unta": "උන්ට",
  "kiyapn": "කියපන්",
  "kalin": "කලින්",
  "ida": "ඉඩ",
  "kata": "කට",
  "padam": "පාඩම්",
  "karala": "කරලා",
  "gaththa": "ගත්තා",
  "dawasak": "දවසක්",
  "kiyannam": "කියන්නම්",
  "ithin": "ඉතින්",
  "kohoma": "කොහොම",
  "ekada": "එකද",
  "thama": "තමා",
  "waradak": "වරදක්",
  "ne": "නෑ",
  "habai": "හැබැයි",
  "epaa": "එපා",
  "ithuru": "ඉතුරු",
  "karamu": "කරමු",
  "ubala": "උඹලා",
  "karanawa": "කරනවා",
  "eeye": "ඊයේ",
  "udey": "උදේ",
  "apu": "ආපු",
  "kenek": "කෙනෙක්",
  "methana": "මෙතන",
  "inna": "ඉන්න",
  "iwarai": "ඉවරයි",
  "dan": "දැන්",
  "puluwanda": "පුළුවන්ද",
  "karanne": "කරන්නේ",
  "danna": "දන්න",
  "one": "ඕනේ",
  "yannam": "යන්නම්",
  "bai": "බායි",
  "leo": "ලේඕ",
  "shehani": "ෂෙහානි",
  "mila": "මිල ",
  "behe": "බැහැ",
  "aye": "ආයේ",
  "kisi": "කිසි",
  "gemak": "ගේමක්",
  "naha": "නැහැ",
  "liyanawa": "ලියනවා",
  "wage": "වගේ",
  "elata": "එලට",
  "ahala": "අහල",
  "pissuwak": "පිස්සුවක්",
  "mahansi": "මහන්සි"
}